{
    "rmse": 0.6812371108069178,
    "mae": 0.5338439166173327,
    "r2": 0.3010519957218917
}